part,attack,seed,path,reference_path,meta,n_layers,layer_dz_med,layer_dz_std,e_per_mm_med,e_per_mm_cv,e_per_mm_min_ratio,fill_ratio_med,fill_ratio_std,fill_ratio_min_ratio,path_len_cv,n_temp_cmds,temp_first,temp_min,bbox_x,bbox_y,jitter_score,frac_travel_in_fill,max_layer_travel_fill
block,none,0,/Users/harshelite/Desktop/AM_Security_Nikhil/data/gcode/block_clean.gcode,/Users/harshelite/Desktop/AM_Security_Nikhil/data/gcode/block_clean.gcode,{},50,0.20000000000000018,4.656566642091115e-16,0.03326007313558416,2.0419855731987582e-07,0.9999999999999969,0.661194008916978,1.1214946133455537e-16,1.0,2.009753885454868e-16,2,210.0,210.0,29.6,19.6,7.048583938740194e-16,1.0392,1.04
block,none,1,/Users/harshelite/Desktop/AM_Security_Nikhil/data/gcode/block_benign0.gcode,/Users/harshelite/Desktop/AM_Security_Nikhil/data/gcode/block_clean.gcode,"{""infill_density"": 0.2}",50,0.20000000000000018,4.656566642091115e-16,0.033260036660923475,2.5001538589407964e-07,0.999999999999996,0.5652814065183529,0.0,1.0,2.5786951982060033e-16,2,210.0,210.0,29.6,19.6,1.0365564615794402e-15,1.0576470588235294,1.0588235294117647
block,none,2,/Users/harshelite/Desktop/AM_Security_Nikhil/data/gcode/block_benign1.gcode,/Users/harshelite/Desktop/AM_Security_Nikhil/data/gcode/block_clean.gcode,"{""infill_density"": 0.4}",50,0.20000000000000018,4.656566642091115e-16,0.03326009642451558,1.8037787521789112e-07,0.9999999999999948,0.7224338390764359,0.0,1.0,0.0,2,210.0,210.0,29.6,19.6,6.674795396534274e-16,1.0296969696969698,1.0303030303030303
block,none,3,/Users/harshelite/Desktop/AM_Security_Nikhil/data/gcode/block_benign2.gcode,/Users/harshelite/Desktop/AM_Security_Nikhil/data/gcode/block_clean.gcode,"{""layer_height"": 0.15}",67,0.15000000000000002,4.0839384567343154e-16,0.024945063601842753,3.3891562549976556e-07,0.9999992984459894,0.661194008916978,0.0,1.0,2.0045705625479358e-16,2,210.0,210.0,29.6,19.6,5.938864657099345e-16,1.039402985074627,1.04
block,none,4,/Users/harshelite/Desktop/AM_Security_Nikhil/data/gcode/block_benign3.gcode,/Users/harshelite/Desktop/AM_Security_Nikhil/data/gcode/block_clean.gcode,"{""layer_height"": 0.25}",40,0.25,0.0,0.04157510016963488,1.9034675010200696e-07,0.9999995790675323,0.661194008916978,0.0,1.0,0.0,2,210.0,210.0,29.6,19.6,1.1368683772161603e-15,1.039,1.04
block,none,5,/Users/harshelite/Desktop/AM_Security_Nikhil/data/gcode/block_benign4.gcode,/Users/harshelite/Desktop/AM_Security_Nikhil/data/gcode/block_clean.gcode,"{""nozzle_temp"": 200}",50,0.20000000000000018,4.656566642091115e-16,0.03326007313558416,2.0419855731987582e-07,0.9999999999999969,0.661194008916978,1.1214946133455537e-16,1.0,2.009753885454868e-16,2,200.0,200.0,29.6,19.6,7.048583938740194e-16,1.0392,1.04
block,none,6,/Users/harshelite/Desktop/AM_Security_Nikhil/data/gcode/block_benign5.gcode,/Users/harshelite/Desktop/AM_Security_Nikhil/data/gcode/block_clean.gcode,"{""nozzle_temp"": 220}",50,0.20000000000000018,4.656566642091115e-16,0.03326007313558416,2.0419855731987582e-07,0.9999999999999969,0.661194008916978,1.1214946133455537e-16,1.0,2.009753885454868e-16,2,220.0,220.0,29.6,19.6,7.048583938740194e-16,1.0392,1.04
block,none,7,/Users/harshelite/Desktop/AM_Security_Nikhil/data/gcode/block_benign6.gcode,/Users/harshelite/Desktop/AM_Security_Nikhil/data/gcode/block_clean.gcode,"{""print_speed"": 30.0}",50,0.20000000000000018,4.656566642091115e-16,0.03326007313558416,2.0419855731987582e-07,0.9999999999999969,0.661194008916978,1.1214946133455537e-16,1.0,2.009753885454868e-16,2,210.0,210.0,29.6,19.6,7.048583938740194e-16,1.0392,1.04
block,none,8,/Users/harshelite/Desktop/AM_Security_Nikhil/data/gcode/block_benign7.gcode,/Users/harshelite/Desktop/AM_Security_Nikhil/data/gcode/block_clean.gcode,"{""print_speed"": 60.0}",50,0.20000000000000018,4.656566642091115e-16,0.03326007313558416,2.0419855731987582e-07,0.9999999999999969,0.661194008916978,1.1214946133455537e-16,1.0,2.009753885454868e-16,2,210.0,210.0,29.6,19.6,7.048583938740194e-16,1.0392,1.04
block,infill_reduction,0,/Users/harshelite/Desktop/AM_Security_Nikhil/data/gcode/block_infill_reduction_s0.gcode,/Users/harshelite/Desktop/AM_Security_Nikhil/data/gcode/block_clean.gcode,"{""layers"": [17, 29], ""factor"": 0.4}",50,0.20000000000000018,4.656566642091115e-16,0.03326007313558409,1.683123933221823,0.9999968841919803,0.661194008916978,0.0978842954218168,0.6630408737331661,0.19751973087570981,2,210.0,210.0,29.6,19.6,7.812602592243755e-16,1.0464454976303317,1.1
block,void_insertion,0,/Users/harshelite/Desktop/AM_Security_Nikhil/data/gcode/block_void_insertion_s0.gcode,/Users/harshelite/Desktop/AM_Security_Nikhil/data/gcode/block_clean.gcode,"{""centre"": [1.9640000000000004, 0.0], ""layer"": 32, ""radius"": 3.0, ""segments_cut"": 155}",50,0.20000000000000018,4.656566642091115e-16,0.033260147258903,1.123627421283357e-06,0.9999977714073733,0.647467127282323,0.006730487066511318,1.0,0.01956410646489745,2,210.0,210.0,29.6,19.6,6.270982151904087e-16,1.0348754448398576,1.04
block,layer_height_change,0,/Users/harshelite/Desktop/AM_Security_Nikhil/data/gcode/block_layer_height_change_s0.gcode,/Users/harshelite/Desktop/AM_Security_Nikhil/data/gcode/block_clean.gcode,"{""layer_height"": 0.30000000000000004, ""note"": ""whole part re-sliced""}",33,0.2999999999999998,4.334448823956454e-16,0.04989010970337621,1.586449257562894e-07,0.9999999999999977,0.661194008916978,0.0,1.0,0.0,2,210.0,210.0,29.6,19.6,1.0679672634454839e-15,1.0387878787878788,1.04
block,temperature_shift,0,/Users/harshelite/Desktop/AM_Security_Nikhil/data/gcode/block_temperature_shift_s0.gcode,/Users/harshelite/Desktop/AM_Security_Nikhil/data/gcode/block_clean.gcode,"{""layer"": 36, ""delta"": -25}",50,0.20000000000000018,4.656566642091115e-16,0.03326007313558416,2.0419855731987582e-07,0.9999999999999969,0.661194008916978,1.1214946133455537e-16,1.0,2.009753885454868e-16,3,210.0,185.0,29.6,19.6,7.048583938740194e-16,1.0392,1.04
block,scaling,0,/Users/harshelite/Desktop/AM_Security_Nikhil/data/gcode/block_scaling_s0.gcode,/Users/harshelite/Desktop/AM_Security_Nikhil/data/gcode/block_clean.gcode,"{""factor"": 0.97}",50,0.20000000000000018,4.656566642091115e-16,0.034288801680476905,2.0419855731845103e-07,0.9999999999999971,0.6611933519395985,1.1214946133455537e-16,1.0,0.0,2,210.0,210.0,28.712,19.012,6.563278387384912e-05,1.0392,1.04
block,under_extrusion,0,/Users/harshelite/Desktop/AM_Security_Nikhil/data/gcode/block_under_extrusion_s0.gcode,/Users/harshelite/Desktop/AM_Security_Nikhil/data/gcode/block_clean.gcode,"{""layers"": [25, 35], ""factor"": 0.75}",50,0.20000000000000018,4.656566642091115e-16,0.033260073135584114,0.1046129988940728,0.7499997369171526,0.661194008916978,1.1214946133455537e-16,1.0,2.009753885454868e-16,2,210.0,210.0,29.6,19.6,7.048583938740194e-16,1.0392,1.04
block,toolpath_jitter,0,/Users/harshelite/Desktop/AM_Security_Nikhil/data/gcode/block_toolpath_jitter_s0.gcode,/Users/harshelite/Desktop/AM_Security_Nikhil/data/gcode/block_clean.gcode,"{""layers"": [17, 27], ""sigma"": 0.15}",50,0.20000000000000018,4.656566642091115e-16,0.033260073135584135,0.0005834488598551537,0.9984716326028319,0.661194008916978,0.00019767053235796213,0.9988102533109917,0.0005832339716858619,2,210.0,210.0,29.6,19.6,0.37405788364677695,1.0392,1.04
block,infill_reduction,1,/Users/harshelite/Desktop/AM_Security_Nikhil/data/gcode/block_infill_reduction_s1.gcode,/Users/harshelite/Desktop/AM_Security_Nikhil/data/gcode/block_clean.gcode,"{""layers"": [14, 26], ""factor"": 0.4}",50,0.20000000000000018,4.656566642091115e-16,0.033260073135584114,1.5148115323720466,0.9999968841919795,0.661194008916978,0.09788429542181679,0.6630408737331661,0.19751973087570981,2,210.0,210.0,29.6,19.6,7.879952614590684e-16,1.0464454976303317,1.1
block,void_insertion,1,/Users/harshelite/Desktop/AM_Security_Nikhil/data/gcode/block_void_insertion_s1.gcode,/Users/harshelite/Desktop/AM_Security_Nikhil/data/gcode/block_clean.gcode,"{""centre"": [-13.7745, -8.7745], ""layer"": 24, ""radius"": 3.0, ""segments_cut"": 236}",50,0.20000000000000018,4.656566642091115e-16,0.03326011101518061,8.9610372766602e-07,0.9999988611103393,0.6748778590796634,0.006800245195560162,0.9797239604491602,0.018615174396247516,2,210.0,210.0,29.6,19.6,1.2626769133055092e-15,1.1397415185783522,1.2083333333333333
block,layer_height_change,1,/Users/harshelite/Desktop/AM_Security_Nikhil/data/gcode/block_layer_height_change_s1.gcode,/Users/harshelite/Desktop/AM_Security_Nikhil/data/gcode/block_clean.gcode,"{""layer_height"": 0.30000000000000004, ""note"": ""whole part re-sliced""}",33,0.2999999999999998,4.334448823956454e-16,0.04989010970337621,1.586449257562894e-07,0.9999999999999977,0.661194008916978,0.0,1.0,0.0,2,210.0,210.0,29.6,19.6,1.0679672634454839e-15,1.0387878787878788,1.04
block,temperature_shift,1,/Users/harshelite/Desktop/AM_Security_Nikhil/data/gcode/block_temperature_shift_s1.gcode,/Users/harshelite/Desktop/AM_Security_Nikhil/data/gcode/block_clean.gcode,"{""layer"": 12, ""delta"": -25}",50,0.20000000000000018,4.656566642091115e-16,0.03326007313558416,2.0419855731987582e-07,0.9999999999999969,0.661194008916978,1.1214946133455537e-16,1.0,2.009753885454868e-16,3,210.0,185.0,29.6,19.6,7.048583938740194e-16,1.0392,1.04
block,scaling,1,/Users/harshelite/Desktop/AM_Security_Nikhil/data/gcode/block_scaling_s1.gcode,/Users/harshelite/Desktop/AM_Security_Nikhil/data/gcode/block_clean.gcode,"{""factor"": 0.97}",50,0.20000000000000018,4.656566642091115e-16,0.034288801680476905,2.0419855731845103e-07,0.9999999999999971,0.6611933519395985,1.1214946133455537e-16,1.0,0.0,2,210.0,210.0,28.712,19.012,6.563278387384912e-05,1.0392,1.04
block,under_extrusion,1,/Users/harshelite/Desktop/AM_Security_Nikhil/data/gcode/block_under_extrusion_s1.gcode,/Users/harshelite/Desktop/AM_Security_Nikhil/data/gcode/block_clean.gcode,"{""layers"": [24, 34], ""factor"": 0.75}",50,0.20000000000000018,4.656566642091115e-16,0.033260073135584114,0.1046129732326156,0.7499997369171526,0.661194008916978,1.1214946133455537e-16,1.0,2.009753885454868e-16,2,210.0,210.0,29.6,19.6,7.048583938740194e-16,1.0392,1.04
block,toolpath_jitter,1,/Users/harshelite/Desktop/AM_Security_Nikhil/data/gcode/block_toolpath_jitter_s1.gcode,/Users/harshelite/Desktop/AM_Security_Nikhil/data/gcode/block_clean.gcode,"{""layers"": [12, 22], ""sigma"": 0.15}",50,0.20000000000000018,4.656566642091115e-16,0.033260073135584135,0.0006761714151817827,0.9974752588748655,0.661194008916978,0.0002290861908708023,0.9991687467024751,0.0006766647461388308,2,210.0,210.0,29.6,19.6,0.41292514105552963,1.0392,1.04
block,infill_reduction,2,/Users/harshelite/Desktop/AM_Security_Nikhil/data/gcode/block_infill_reduction_s2.gcode,/Users/harshelite/Desktop/AM_Security_Nikhil/data/gcode/block_clean.gcode,"{""layers"": [18, 30], ""factor"": 0.4}",50,0.20000000000000018,4.656566642091115e-16,0.033260073135584114,1.7392280168765952,0.9999964590194673,0.661194008916978,0.0978842954218168,0.6630408737331661,0.19751973087570981,2,210.0,210.0,29.6,19.6,7.879952614590684e-16,1.0464454976303317,1.1
block,void_insertion,2,/Users/harshelite/Desktop/AM_Security_Nikhil/data/gcode/block_void_insertion_s2.gcode,/Users/harshelite/Desktop/AM_Security_Nikhil/data/gcode/block_clean.gcode,"{""centre"": [7.2535, 2.2535], ""layer"": 26, ""radius"": 3.0, ""segments_cut"": 136}",50,0.20000000000000018,4.656566642091115e-16,0.033260073135584114,3.0533494524349475e-06,0.9999943498048992,0.6485288155103947,0.006424225398615367,0.9983657278846065,0.018683420278252528,2,210.0,210.0,29.6,19.6,1.2201238896890609e-15,1.0353535353535352,1.04
block,layer_height_change,2,/Users/harshelite/Desktop/AM_Security_Nikhil/data/gcode/block_layer_height_change_s2.gcode,/Users/harshelite/Desktop/AM_Security_Nikhil/data/gcode/block_clean.gcode,"{""layer_height"": 0.30000000000000004, ""note"": ""whole part re-sliced""}",33,0.2999999999999998,4.334448823956454e-16,0.04989010970337621,1.586449257562894e-07,0.9999999999999977,0.661194008916978,0.0,1.0,0.0,2,210.0,210.0,29.6,19.6,1.0679672634454839e-15,1.0387878787878788,1.04
block,temperature_shift,2,/Users/harshelite/Desktop/AM_Security_Nikhil/data/gcode/block_temperature_shift_s2.gcode,/Users/harshelite/Desktop/AM_Security_Nikhil/data/gcode/block_clean.gcode,"{""layer"": 15, ""delta"": -25}",50,0.20000000000000018,4.656566642091115e-16,0.03326007313558416,2.0419855731987582e-07,0.9999999999999969,0.661194008916978,1.1214946133455537e-16,1.0,2.009753885454868e-16,3,210.0,185.0,29.6,19.6,7.048583938740194e-16,1.0392,1.04
block,scaling,2,/Users/harshelite/Desktop/AM_Security_Nikhil/data/gcode/block_scaling_s2.gcode,/Users/harshelite/Desktop/AM_Security_Nikhil/data/gcode/block_clean.gcode,"{""factor"": 0.97}",50,0.20000000000000018,4.656566642091115e-16,0.034288801680476905,2.0419855731845103e-07,0.9999999999999971,0.6611933519395985,1.1214946133455537e-16,1.0,0.0,2,210.0,210.0,28.712,19.012,6.563278387384912e-05,1.0392,1.04
block,under_extrusion,2,/Users/harshelite/Desktop/AM_Security_Nikhil/data/gcode/block_under_extrusion_s2.gcode,/Users/harshelite/Desktop/AM_Security_Nikhil/data/gcode/block_clean.gcode,"{""layers"": [18, 28], ""factor"": 0.75}",50,0.20000000000000018,4.656566642091115e-16,0.033260073135584114,0.10461299889407293,0.7499997369171526,0.661194008916978,1.1214946133455537e-16,1.0,2.009753885454868e-16,2,210.0,210.0,29.6,19.6,7.048583938740194e-16,1.0392,1.04
block,toolpath_jitter,2,/Users/harshelite/Desktop/AM_Security_Nikhil/data/gcode/block_toolpath_jitter_s2.gcode,/Users/harshelite/Desktop/AM_Security_Nikhil/data/gcode/block_clean.gcode,"{""layers"": [18, 28], ""sigma"": 0.15}",50,0.20000000000000018,4.656566642091115e-16,0.033260073135584135,0.000513970233650218,0.9980646898555091,0.661194008916978,0.00017413898531172924,0.9995260710103587,0.0005145668688523306,2,210.0,210.0,29.6,19.6,0.3655062755190993,1.0392,1.04
bracket,none,0,/Users/harshelite/Desktop/AM_Security_Nikhil/data/gcode/bracket_clean.gcode,/Users/harshelite/Desktop/AM_Security_Nikhil/data/gcode/bracket_clean.gcode,{},120,0.1999999999999993,9.794093049317119e-16,0.03326007809575288,9.76294161450609e-07,0.9999944036610807,0.2514647501980932,0.12270246513917528,1.0,0.6312758660181723,2,210.0,210.0,39.6,19.683,0.0008244069214107599,1.0404761904761906,1.0476190476190477
bracket,none,1,/Users/harshelite/Desktop/AM_Security_Nikhil/data/gcode/bracket_benign0.gcode,/Users/harshelite/Desktop/AM_Security_Nikhil/data/gcode/bracket_clean.gcode,"{""infill_density"": 0.2}",120,0.1999999999999993,9.794093049317119e-16,0.03326014456659752,1.8690422093428666e-06,0.9999920742575735,0.1808845412112068,0.11149702714931453,1.0,0.5519952267055377,2,210.0,210.0,39.6,19.683,0.0007320163574747717,1.0607142857142857,1.0714285714285714
bracket,none,2,/Users/harshelite/Desktop/AM_Security_Nikhil/data/gcode/bracket_benign1.gcode,/Users/harshelite/Desktop/AM_Security_Nikhil/data/gcode/bracket_clean.gcode,"{""infill_density"": 0.4}",120,0.1999999999999993,9.794093049317119e-16,0.033260241970600395,2.140230344971882e-06,0.9999920558000808,0.3093384171522697,0.12636429881335068,1.0,0.6932224847769095,2,210.0,210.0,39.6,19.683,0.0006893833874418712,1.0305128205128204,1.0357142857142858
bracket,none,3,/Users/harshelite/Desktop/AM_Security_Nikhil/data/gcode/bracket_benign2.gcode,/Users/harshelite/Desktop/AM_Security_Nikhil/data/gcode/bracket_clean.gcode,"{""layer_height"": 0.15}",160,0.15000000000000036,1.0969223593481507e-15,0.024945025470315654,1.0954748145655343e-06,0.9999970580108731,0.2514647501980932,0.12317876174614717,1.0,0.6315115301893228,2,210.0,210.0,39.6,19.685000000000002,0.00077842935900763,1.0404889228418641,1.0476190476190477
bracket,none,4,/Users/harshelite/Desktop/AM_Security_Nikhil/data/gcode/bracket_benign3.gcode,/Users/harshelite/Desktop/AM_Security_Nikhil/data/gcode/bracket_clean.gcode,"{""layer_height"": 0.25}",96,0.25,0.0,0.0415750865858576,8.79528427097347e-07,0.9999956198761949,0.2514647501980932,0.12287106695368759,1.0,0.6321022111837789,2,210.0,210.0,39.6,19.681,0.000867397237177567,1.040391156462585,1.0476190476190477
bracket,none,5,/Users/harshelite/Desktop/AM_Security_Nikhil/data/gcode/bracket_benign4.gcode,/Users/harshelite/Desktop/AM_Security_Nikhil/data/gcode/bracket_clean.gcode,"{""nozzle_temp"": 200}",120,0.1999999999999993,9.794093049317119e-16,0.03326007809575288,9.76294161450609e-07,0.9999944036610807,0.2514647501980932,0.12270246513917528,1.0,0.6312758660181723,2,200.0,200.0,39.6,19.683,0.0008244069214107599,1.0404761904761906,1.0476190476190477
bracket,none,6,/Users/harshelite/Desktop/AM_Security_Nikhil/data/gcode/bracket_benign5.gcode,/Users/harshelite/Desktop/AM_Security_Nikhil/data/gcode/bracket_clean.gcode,"{""nozzle_temp"": 220}",120,0.1999999999999993,9.794093049317119e-16,0.03326007809575288,9.76294161450609e-07,0.9999944036610807,0.2514647501980932,0.12270246513917528,1.0,0.6312758660181723,2,220.0,220.0,39.6,19.683,0.0008244069214107599,1.0404761904761906,1.0476190476190477
bracket,none,7,/Users/harshelite/Desktop/AM_Security_Nikhil/data/gcode/bracket_benign6.gcode,/Users/harshelite/Desktop/AM_Security_Nikhil/data/gcode/bracket_clean.gcode,"{""print_speed"": 30.0}",120,0.1999999999999993,9.794093049317119e-16,0.03326007809575288,9.76294161450609e-07,0.9999944036610807,0.2514647501980932,0.12270246513917528,1.0,0.6312758660181723,2,210.0,210.0,39.6,19.683,0.0008244069214107599,1.0404761904761906,1.0476190476190477
bracket,none,8,/Users/harshelite/Desktop/AM_Security_Nikhil/data/gcode/bracket_benign7.gcode,/Users/harshelite/Desktop/AM_Security_Nikhil/data/gcode/bracket_clean.gcode,"{""print_speed"": 60.0}",120,0.1999999999999993,9.794093049317119e-16,0.03326007809575288,9.76294161450609e-07,0.9999944036610807,0.2514647501980932,0.12270246513917528,1.0,0.6312758660181723,2,210.0,210.0,39.6,19.683,0.0008244069214107599,1.0404761904761906,1.0476190476190477
bracket,infill_reduction,0,/Users/harshelite/Desktop/AM_Security_Nikhil/data/gcode/bracket_infill_reduction_s0.gcode,/Users/harshelite/Desktop/AM_Security_Nikhil/data/gcode/bracket_clean.gcode,"{""layers"": [44, 74], ""factor"": 0.4}",120,0.1999999999999993,9.794093049317119e-16,0.03326004946480941,2.8830650523444974,0.9999952644770959,0.2514647501980932,0.14888159035045007,0.47552253036903114,0.6639746433353705,2,210.0,210.0,39.6,19.683,0.0009438303539512279,1.0463395638629283,1.1111111111111112
bracket,void_insertion,0,/Users/harshelite/Desktop/AM_Security_Nikhil/data/gcode/bracket_void_insertion_s0.gcode,/Users/harshelite/Desktop/AM_Security_Nikhil/data/gcode/bracket_clean.gcode,"{""centre"": [2.168, 0.0], ""layer"": 66, ""radius"": 3.0, ""segments_cut"": 279}",120,0.1999999999999993,9.794093049317119e-16,0.03326007151512329,1.2872822559522997e-06,0.999994601513715,0.2514647501980932,0.12353674509874346,0.9725879641739527,0.6586141665829002,2,210.0,210.0,39.6,19.683,0.0008331922822119914,1.104847026469577,1.35
bracket,layer_height_change,0,/Users/harshelite/Desktop/AM_Security_Nikhil/data/gcode/bracket_layer_height_change_s0.gcode,/Users/harshelite/Desktop/AM_Security_Nikhil/data/gcode/bracket_clean.gcode,"{""layer_height"": 0.30000000000000004, ""note"": ""whole part re-sliced""}",80,0.30000000000000027,9.631432290916858e-16,0.049890095075962815,8.966795401068834e-07,0.999994647738649,0.2514647501980932,0.12175915620931728,0.9981129801231985,0.6308097057906171,2,210.0,210.0,39.6,19.678,0.0007609365616582351,1.0404505888376856,1.0476190476190477
bracket,temperature_shift,0,/Users/harshelite/Desktop/AM_Security_Nikhil/data/gcode/bracket_temperature_shift_s0.gcode,/Users/harshelite/Desktop/AM_Security_Nikhil/data/gcode/bracket_clean.gcode,"{""layer"": 48, ""delta"": -25}",120,0.1999999999999993,9.794093049317119e-16,0.03326007809575288,9.76294161450609e-07,0.9999944036610807,0.2514647501980932,0.12270246513917528,1.0,0.6312758660181723,3,210.0,185.0,39.6,19.683,0.0008244069214107599,1.0404761904761906,1.0476190476190477
bracket,scaling,0,/Users/harshelite/Desktop/AM_Security_Nikhil/data/gcode/bracket_scaling_s0.gcode,/Users/harshelite/Desktop/AM_Security_Nikhil/data/gcode/bracket_clean.gcode,"{""factor"": 0.97}",120,0.1999999999999993,9.794093049317119e-16,0.034288819734926396,1.7784156097026572e-06,0.9999913147364259,0.2514630162126945,0.12270303242795685,1.0,0.6312772945896823,2,210.0,210.0,38.412,19.093,0.0013580397897346402,1.0404761904761906,1.0476190476190477
bracket,under_extrusion,0,/Users/harshelite/Desktop/AM_Security_Nikhil/data/gcode/bracket_under_extrusion_s0.gcode,/Users/harshelite/Desktop/AM_Security_Nikhil/data/gcode/bracket_clean.gcode,"{""layers"": [41, 65], ""factor"": 0.75}",120,0.1999999999999993,9.794093049317119e-16,0.033260036426801184,0.10195485964113384,0.7499986174062271,0.2514647501980932,0.12270246513917528,1.0,0.6312758660181723,2,210.0,210.0,39.6,19.683,0.0008244069214107599,1.0404761904761906,1.0476190476190477
bracket,toolpath_jitter,0,/Users/harshelite/Desktop/AM_Security_Nikhil/data/gcode/bracket_toolpath_jitter_s0.gcode,/Users/harshelite/Desktop/AM_Security_Nikhil/data/gcode/bracket_clean.gcode,"{""layers"": [40, 64], ""sigma"": 0.15}",120,0.1999999999999993,9.794093049317119e-16,0.03326007809575276,0.001595566035737715,0.9934876205638199,0.2514647501980932,0.12268815167115459,0.9809551881090526,0.6312284498272382,2,210.0,210.0,39.6,19.683,0.48782626185351174,1.0404761904761906,1.0476190476190477
bracket,infill_reduction,1,/Users/harshelite/Desktop/AM_Security_Nikhil/data/gcode/bracket_infill_reduction_s1.gcode,/Users/harshelite/Desktop/AM_Security_Nikhil/data/gcode/bracket_clean.gcode,"{""layers"": [39, 69], ""factor"": 0.4}",120,0.1999999999999993,9.794093049317119e-16,0.03326004946480941,2.8146907386994306,0.9999952644770959,0.2514647501980932,0.1486614016147039,0.47552253036903114,0.6652819481288541,2,210.0,210.0,39.6,19.683,0.0009438303539512279,1.0463395638629283,1.1111111111111112
bracket,void_insertion,1,/Users/harshelite/Desktop/AM_Security_Nikhil/data/gcode/bracket_void_insertion_s1.gcode,/Users/harshelite/Desktop/AM_Security_Nikhil/data/gcode/bracket_clean.gcode,"{""centre"": [-3.489, 0.0], ""layer"": 80, ""radius"": 3.0, ""segments_cut"": 279}",120,0.1999999999999993,9.794093049317119e-16,0.03326003396041987,1.6356307454140802e-06,0.999995711117311,0.2514647501980932,0.12353606435990348,0.9726094477063841,0.6586127350621767,2,210.0,210.0,39.6,19.683,0.000833192282210477,1.104847026469577,1.35
bracket,layer_height_change,1,/Users/harshelite/Desktop/AM_Security_Nikhil/data/gcode/bracket_layer_height_change_s1.gcode,/Users/harshelite/Desktop/AM_Security_Nikhil/data/gcode/bracket_clean.gcode,"{""layer_height"": 0.30000000000000004, ""note"": ""whole part re-sliced""}",80,0.30000000000000027,9.631432290916858e-16,0.049890095075962815,8.966795401068834e-07,0.999994647738649,0.2514647501980932,0.12175915620931728,0.9981129801231985,0.6308097057906171,2,210.0,210.0,39.6,19.678,0.0007609365616582351,1.0404505888376856,1.0476190476190477
bracket,temperature_shift,1,/Users/harshelite/Desktop/AM_Security_Nikhil/data/gcode/bracket_temperature_shift_s1.gcode,/Users/harshelite/Desktop/AM_Security_Nikhil/data/gcode/bracket_clean.gcode,"{""layer"": 38, ""delta"": -25}",120,0.1999999999999993,9.794093049317119e-16,0.03326007809575288,9.76294161450609e-07,0.9999944036610807,0.2514647501980932,0.12270246513917528,1.0,0.6312758660181723,3,210.0,185.0,39.6,19.683,0.0008244069214107599,1.0404761904761906,1.0476190476190477
bracket,scaling,1,/Users/harshelite/Desktop/AM_Security_Nikhil/data/gcode/bracket_scaling_s1.gcode,/Users/harshelite/Desktop/AM_Security_Nikhil/data/gcode/bracket_clean.gcode,"{""factor"": 0.97}",120,0.1999999999999993,9.794093049317119e-16,0.034288819734926396,1.7784156097026572e-06,0.9999913147364259,0.2514630162126945,0.12270303242795685,1.0,0.6312772945896823,2,210.0,210.0,38.412,19.093,0.0013580397897346402,1.0404761904761906,1.0476190476190477
bracket,under_extrusion,1,/Users/harshelite/Desktop/AM_Security_Nikhil/data/gcode/bracket_under_extrusion_s1.gcode,/Users/harshelite/Desktop/AM_Security_Nikhil/data/gcode/bracket_clean.gcode,"{""layers"": [40, 64], ""factor"": 0.75}",120,0.1999999999999993,9.794093049317119e-16,0.03326006245980935,0.10195477984069568,0.7499993573511058,0.2514647501980932,0.12270246513917528,1.0,0.6312758660181723,2,210.0,210.0,39.6,19.683,0.0008244069214107599,1.0404761904761906,1.0476190476190477
bracket,toolpath_jitter,1,/Users/harshelite/Desktop/AM_Security_Nikhil/data/gcode/bracket_toolpath_jitter_s1.gcode,/Users/harshelite/Desktop/AM_Security_Nikhil/data/gcode/bracket_clean.gcode,"{""layers"": [59, 83], ""sigma"": 0.15}",120,0.1999999999999993,9.794093049317119e-16,0.033260078095752384,0.001064306991345164,0.995289262126688,0.2514647501980932,0.12267680455567852,0.9864768999607818,0.6312102020093133,2,210.0,210.0,39.6,19.683,0.45757040948708344,1.0404761904761906,1.0476190476190477
bracket,infill_reduction,2,/Users/harshelite/Desktop/AM_Security_Nikhil/data/gcode/bracket_infill_reduction_s2.gcode,/Users/harshelite/Desktop/AM_Security_Nikhil/data/gcode/bracket_clean.gcode,"{""layers"": [56, 86], ""factor"": 0.4}",120,0.1999999999999993,9.794093049317119e-16,0.03326004946480941,3.0471635057689124,0.9999952644770959,0.2514647501980932,0.14888159035045007,0.47552253036903114,0.6639746433353705,2,210.0,210.0,39.6,19.683,0.0009438303539512279,1.0463395638629283,1.1111111111111112
bracket,void_insertion,2,/Users/harshelite/Desktop/AM_Security_Nikhil/data/gcode/bracket_void_insertion_s2.gcode,/Users/harshelite/Desktop/AM_Security_Nikhil/data/gcode/bracket_clean.gcode,"{""centre"": [-3.489, 0.0], ""layer"": 71, ""radius"": 3.0, ""segments_cut"": 283}",120,0.1999999999999993,9.794093049317119e-16,0.03326003396041987,1.6865337448626214e-06,0.999995711117311,0.2514647501980932,0.1235360643599035,0.9726094477063841,0.6586127350621767,2,210.0,210.0,39.6,19.683,0.000833192282210477,1.104847026469577,1.35
bracket,layer_height_change,2,/Users/harshelite/Desktop/AM_Security_Nikhil/data/gcode/bracket_layer_height_change_s2.gcode,/Users/harshelite/Desktop/AM_Security_Nikhil/data/gcode/bracket_clean.gcode,"{""layer_height"": 0.30000000000000004, ""note"": ""whole part re-sliced""}",80,0.30000000000000027,9.631432290916858e-16,0.049890095075962815,8.966795401068834e-07,0.999994647738649,0.2514647501980932,0.12175915620931728,0.9981129801231985,0.6308097057906171,2,210.0,210.0,39.6,19.678,0.0007609365616582351,1.0404505888376856,1.0476190476190477
bracket,temperature_shift,2,/Users/harshelite/Desktop/AM_Security_Nikhil/data/gcode/bracket_temperature_shift_s2.gcode,/Users/harshelite/Desktop/AM_Security_Nikhil/data/gcode/bracket_clean.gcode,"{""layer"": 37, ""delta"": -25}",120,0.1999999999999993,9.794093049317119e-16,0.03326007809575288,9.76294161450609e-07,0.9999944036610807,0.2514647501980932,0.12270246513917528,1.0,0.6312758660181723,3,210.0,185.0,39.6,19.683,0.0008244069214107599,1.0404761904761906,1.0476190476190477
bracket,scaling,2,/Users/harshelite/Desktop/AM_Security_Nikhil/data/gcode/bracket_scaling_s2.gcode,/Users/harshelite/Desktop/AM_Security_Nikhil/data/gcode/bracket_clean.gcode,"{""factor"": 0.97}",120,0.1999999999999993,9.794093049317119e-16,0.034288819734926396,1.7784156097026572e-06,0.9999913147364259,0.2514630162126945,0.12270303242795685,1.0,0.6312772945896823,2,210.0,210.0,38.412,19.093,0.0013580397897346402,1.0404761904761906,1.0476190476190477
bracket,under_extrusion,2,/Users/harshelite/Desktop/AM_Security_Nikhil/data/gcode/bracket_under_extrusion_s2.gcode,/Users/harshelite/Desktop/AM_Security_Nikhil/data/gcode/bracket_clean.gcode,"{""layers"": [51, 75], ""factor"": 0.75}",120,0.1999999999999993,9.794093049317119e-16,0.033260036426801184,0.10195485964127927,0.7499986174062271,0.2514647501980932,0.12270246513917528,1.0,0.6312758660181723,2,210.0,210.0,39.6,19.683,0.0008244069214107599,1.0404761904761906,1.0476190476190477
bracket,toolpath_jitter,2,/Users/harshelite/Desktop/AM_Security_Nikhil/data/gcode/bracket_toolpath_jitter_s2.gcode,/Users/harshelite/Desktop/AM_Security_Nikhil/data/gcode/bracket_clean.gcode,"{""layers"": [50, 74], ""sigma"": 0.15}",120,0.1999999999999993,9.794093049317119e-16,0.03326007809575288,0.0012144404973720405,0.9923930778757417,0.2514647501980932,0.12272176481138836,0.9843783604296525,0.6313121451165232,2,210.0,210.0,39.6,19.683,0.4553780847054146,1.0404761904761906,1.0476190476190477
dogbone,none,0,/Users/harshelite/Desktop/AM_Security_Nikhil/data/gcode/dogbone_clean.gcode,/Users/harshelite/Desktop/AM_Security_Nikhil/data/gcode/dogbone_clean.gcode,{},20,0.19999999999999996,1.660457997810002e-16,0.03326019050053178,1.9346377411091604e-07,0.9999996150929741,0.506351756638489,0.0,1.0,0.0,2,210.0,210.0,79.6,11.6,6.235375028098838e-15,1.0193877551020407,1.0204081632653061
dogbone,none,1,/Users/harshelite/Desktop/AM_Security_Nikhil/data/gcode/dogbone_benign0.gcode,/Users/harshelite/Desktop/AM_Security_Nikhil/data/gcode/dogbone_clean.gcode,"{""infill_density"": 0.2}",20,0.19999999999999996,1.660457997810002e-16,0.033260213791767544,1.0363340733161003e-07,1.0,0.40560268742984595,1.1390647892519134e-16,1.0,0.0,2,210.0,210.0,79.6,11.6,4.4785723950939645e-15,1.0287878787878788,1.0303030303030303
dogbone,none,2,/Users/harshelite/Desktop/AM_Security_Nikhil/data/gcode/dogbone_benign1.gcode,/Users/harshelite/Desktop/AM_Security_Nikhil/data/gcode/dogbone_clean.gcode,"{""infill_density"": 0.4}",20,0.19999999999999996,1.660457997810002e-16,0.03326020396212597,1.54756101901185e-07,0.9999999999999974,0.5778547859476074,1.1390647892519134e-16,1.0,1.2769480478759635e-16,2,210.0,210.0,79.6,11.6,5.124520336694056e-15,1.0143939393939394,1.0151515151515151
dogbone,none,3,/Users/harshelite/Desktop/AM_Security_Nikhil/data/gcode/dogbone_benign2.gcode,/Users/harshelite/Desktop/AM_Security_Nikhil/data/gcode/dogbone_clean.gcode,"{""layer_height"": 0.15}",27,0.1499999999999999,1.2800476308722876e-16,0.024945136474358375,2.031526410018793e-07,0.9999999999999978,0.506351756638489,0.0,1.0,0.0,2,210.0,210.0,79.6,11.6,6.2031508677469064e-15,1.0196523053665911,1.0204081632653061
dogbone,none,4,/Users/harshelite/Desktop/AM_Security_Nikhil/data/gcode/dogbone_benign3.gcode,/Users/harshelite/Desktop/AM_Security_Nikhil/data/gcode/dogbone_clean.gcode,"{""layer_height"": 0.25}",16,0.25,0.0,0.04157523172462426,6.406282352429583e-16,0.9999999999999983,0.506351756638489,0.0,1.0,0.0,2,210.0,210.0,79.6,11.6,6.525392471266226e-15,1.0191326530612246,1.0204081632653061
dogbone,none,5,/Users/harshelite/Desktop/AM_Security_Nikhil/data/gcode/dogbone_benign4.gcode,/Users/harshelite/Desktop/AM_Security_Nikhil/data/gcode/dogbone_clean.gcode,"{""nozzle_temp"": 200}",20,0.19999999999999996,1.660457997810002e-16,0.03326019050053178,1.9346377411091604e-07,0.9999996150929741,0.506351756638489,0.0,1.0,0.0,2,200.0,200.0,79.6,11.6,6.235375028098838e-15,1.0193877551020407,1.0204081632653061
dogbone,none,6,/Users/harshelite/Desktop/AM_Security_Nikhil/data/gcode/dogbone_benign5.gcode,/Users/harshelite/Desktop/AM_Security_Nikhil/data/gcode/dogbone_clean.gcode,"{""nozzle_temp"": 220}",20,0.19999999999999996,1.660457997810002e-16,0.03326019050053178,1.9346377411091604e-07,0.9999996150929741,0.506351756638489,0.0,1.0,0.0,2,220.0,220.0,79.6,11.6,6.235375028098838e-15,1.0193877551020407,1.0204081632653061
dogbone,none,7,/Users/harshelite/Desktop/AM_Security_Nikhil/data/gcode/dogbone_benign6.gcode,/Users/harshelite/Desktop/AM_Security_Nikhil/data/gcode/dogbone_clean.gcode,"{""print_speed"": 30.0}",20,0.19999999999999996,1.660457997810002e-16,0.03326019050053178,1.9346377411091604e-07,0.9999996150929741,0.506351756638489,0.0,1.0,0.0,2,210.0,210.0,79.6,11.6,6.235375028098838e-15,1.0193877551020407,1.0204081632653061
dogbone,none,8,/Users/harshelite/Desktop/AM_Security_Nikhil/data/gcode/dogbone_benign7.gcode,/Users/harshelite/Desktop/AM_Security_Nikhil/data/gcode/dogbone_clean.gcode,"{""print_speed"": 60.0}",20,0.19999999999999996,1.660457997810002e-16,0.03326019050053178,1.9346377411091604e-07,0.9999996150929741,0.506351756638489,0.0,1.0,0.0,2,210.0,210.0,79.6,11.6,6.235375028098838e-15,1.0193877551020407,1.0204081632653061
dogbone,infill_reduction,0,/Users/harshelite/Desktop/AM_Security_Nikhil/data/gcode/dogbone_infill_reduction_s0.gcode,/Users/harshelite/Desktop/AM_Security_Nikhil/data/gcode/dogbone_clean.gcode,"{""layers"": [9, 14], ""factor"": 0.4}",20,0.19999999999999996,1.660457997810002e-16,0.03326019050053181,1.018931260434754,0.9999996150929741,0.506351756638489,0.1007846392632964,0.5746047354474532,0.1585983544993147,2,210.0,210.0,79.6,11.6,5.7830773530846865e-15,1.0235732009925558,1.05
dogbone,void_insertion,0,/Users/harshelite/Desktop/AM_Security_Nikhil/data/gcode/dogbone_void_insertion_s0.gcode,/Users/harshelite/Desktop/AM_Security_Nikhil/data/gcode/dogbone_clean.gcode,"{""centre"": [-37.109, -3.109], ""layer"": 6, ""radius"": 3.0, ""segments_cut"": 160}",20,0.19999999999999996,1.660457997810002e-16,0.03326017754883839,4.957460713353034e-07,0.9999992008745626,0.5049013309648066,0.00018393888179264913,0.9992751916160578,0.00037135495081728765,2,210.0,210.0,79.6,11.6,7.83047096551947e-15,1.1010204081632653,1.1020408163265305
dogbone,layer_height_change,0,/Users/harshelite/Desktop/AM_Security_Nikhil/data/gcode/dogbone_layer_height_change_s0.gcode,/Users/harshelite/Desktop/AM_Security_Nikhil/data/gcode/dogbone_clean.gcode,"{""layer_height"": 0.30000000000000004, ""note"": ""whole part re-sliced""}",13,0.30000000000000004,1.5286579078361012e-16,0.04989027294871673,1.2993686578765006e-07,0.9999999999999996,0.506351756638489,1.1555567610933196e-16,1.0,0.0,2,210.0,210.0,79.6,11.6,6.525392471266226e-15,1.0188383045525902,1.0204081632653061
dogbone,temperature_shift,0,/Users/harshelite/Desktop/AM_Security_Nikhil/data/gcode/dogbone_temperature_shift_s0.gcode,/Users/harshelite/Desktop/AM_Security_Nikhil/data/gcode/dogbone_clean.gcode,"{""layer"": 7, ""delta"": -25}",20,0.19999999999999996,1.660457997810002e-16,0.03326019050053178,1.9346377411091604e-07,0.9999996150929741,0.506351756638489,0.0,1.0,0.0,3,210.0,185.0,79.6,11.6,6.235375028098838e-15,1.0193877551020407,1.0204081632653061
dogbone,scaling,0,/Users/harshelite/Desktop/AM_Security_Nikhil/data/gcode/dogbone_scaling_s0.gcode,/Users/harshelite/Desktop/AM_Security_Nikhil/data/gcode/dogbone_clean.gcode,"{""factor"": 0.97}",20,0.19999999999999996,1.660457997810002e-16,0.03428893234490868,1.934637740812954e-07,0.9999996150929741,0.5063506601990394,1.1390647892519134e-16,1.0,1.539423758271059e-16,2,210.0,210.0,77.212,11.252,6.027638650511808e-05,1.0193877551020407,1.0204081632653061
dogbone,under_extrusion,0,/Users/harshelite/Desktop/AM_Security_Nikhil/data/gcode/dogbone_under_extrusion_s0.gcode,/Users/harshelite/Desktop/AM_Security_Nikhil/data/gcode/dogbone_clean.gcode,"{""layers"": [8, 12], ""factor"": 0.75}",20,0.19999999999999996,1.660457997810002e-16,0.03326017769845084,0.11106544022990902,0.7500000962267916,0.506351756638489,0.0,1.0,0.0,2,210.0,210.0,79.6,11.6,6.235375028098838e-15,1.0193877551020407,1.0204081632653061
dogbone,toolpath_jitter,0,/Users/harshelite/Desktop/AM_Security_Nikhil/data/gcode/dogbone_toolpath_jitter_s0.gcode,/Users/harshelite/Desktop/AM_Security_Nikhil/data/gcode/dogbone_clean.gcode,"{""layers"": [10, 14], ""sigma"": 0.15}",20,0.19999999999999996,1.660457997810002e-16,0.03326019050053179,0.00038903028727114807,0.9993640753332176,0.506351756638489,0.00019203508132034758,0.9986241163892102,0.0003886844384119857,2,210.0,210.0,79.6,11.6,0.32873635583535044,1.0193877551020407,1.0204081632653061
dogbone,infill_reduction,1,/Users/harshelite/Desktop/AM_Security_Nikhil/data/gcode/dogbone_infill_reduction_s1.gcode,/Users/harshelite/Desktop/AM_Security_Nikhil/data/gcode/dogbone_clean.gcode,"{""layers"": [5, 10], ""factor"": 0.4}",20,0.19999999999999996,1.660457997810002e-16,0.03326019050053181,0.747216248056818,0.9999996150929731,0.506351756638489,0.1007846392632964,0.5746047354474532,0.1585983544993147,2,210.0,210.0,79.6,11.6,5.7830773530846865e-15,1.0235732009925558,1.05
dogbone,void_insertion,1,/Users/harshelite/Desktop/AM_Security_Nikhil/data/gcode/dogbone_void_insertion_s1.gcode,/Users/harshelite/Desktop/AM_Security_Nikhil/data/gcode/dogbone_clean.gcode,"{""centre"": [10.694, 0.0], ""layer"": 9, ""radius"": 3.0, ""segments_cut"": 180}",20,0.19999999999999996,1.660457997810002e-16,0.03326022866079574,3.1752020433418377e-07,0.9999996004625035,0.5028800476498647,2.278129578503827e-16,1.0,0.0,2,210.0,210.0,79.6,11.6,6.454096516487577e-15,1.1447916666666667,1.1458333333333333
dogbone,layer_height_change,1,/Users/harshelite/Desktop/AM_Security_Nikhil/data/gcode/dogbone_layer_height_change_s1.gcode,/Users/harshelite/Desktop/AM_Security_Nikhil/data/gcode/dogbone_clean.gcode,"{""layer_height"": 0.30000000000000004, ""note"": ""whole part re-sliced""}",13,0.30000000000000004,1.5286579078361012e-16,0.04989027294871673,1.2993686578765006e-07,0.9999999999999996,0.506351756638489,1.1555567610933196e-16,1.0,0.0,2,210.0,210.0,79.6,11.6,6.525392471266226e-15,1.0188383045525902,1.0204081632653061
dogbone,temperature_shift,1,/Users/harshelite/Desktop/AM_Security_Nikhil/data/gcode/dogbone_temperature_shift_s1.gcode,/Users/harshelite/Desktop/AM_Security_Nikhil/data/gcode/dogbone_clean.gcode,"{""layer"": 9, ""delta"": -25}",20,0.19999999999999996,1.660457997810002e-16,0.03326019050053178,1.9346377411091604e-07,0.9999996150929741,0.506351756638489,0.0,1.0,0.0,3,210.0,185.0,79.6,11.6,6.235375028098838e-15,1.0193877551020407,1.0204081632653061
dogbone,scaling,1,/Users/harshelite/Desktop/AM_Security_Nikhil/data/gcode/dogbone_scaling_s1.gcode,/Users/harshelite/Desktop/AM_Security_Nikhil/data/gcode/dogbone_clean.gcode,"{""factor"": 0.97}",20,0.19999999999999996,1.660457997810002e-16,0.03428893234490868,1.934637740812954e-07,0.9999996150929741,0.5063506601990394,1.1390647892519134e-16,1.0,1.539423758271059e-16,2,210.0,210.0,77.212,11.252,6.027638650511808e-05,1.0193877551020407,1.0204081632653061
dogbone,under_extrusion,1,/Users/harshelite/Desktop/AM_Security_Nikhil/data/gcode/dogbone_under_extrusion_s1.gcode,/Users/harshelite/Desktop/AM_Security_Nikhil/data/gcode/dogbone_clean.gcode,"{""layers"": [9, 13], ""factor"": 0.75}",20,0.19999999999999996,1.660457997810002e-16,0.03326017769845084,0.11106544022990929,0.7500000962267916,0.506351756638489,0.0,1.0,0.0,2,210.0,210.0,79.6,11.6,6.235375028098838e-15,1.0193877551020407,1.0204081632653061
dogbone,toolpath_jitter,1,/Users/harshelite/Desktop/AM_Security_Nikhil/data/gcode/dogbone_toolpath_jitter_s1.gcode,/Users/harshelite/Desktop/AM_Security_Nikhil/data/gcode/dogbone_clean.gcode,"{""layers"": [6, 10], ""sigma"": 0.15}",20,0.19999999999999996,1.660457997810002e-16,0.03326019050053179,0.0006004787049783313,0.9981017755412099,0.506351756638489,0.0002964292349939877,0.9983442214203099,0.0006006319684944997,2,210.0,210.0,79.6,11.6,0.30023139809314603,1.0193877551020407,1.0204081632653061
dogbone,infill_reduction,2,/Users/harshelite/Desktop/AM_Security_Nikhil/data/gcode/dogbone_infill_reduction_s2.gcode,/Users/harshelite/Desktop/AM_Security_Nikhil/data/gcode/dogbone_clean.gcode,"{""layers"": [9, 14], ""factor"": 0.4}",20,0.19999999999999996,1.660457997810002e-16,0.03326019050053181,1.018931260434754,0.9999996150929741,0.506351756638489,0.1007846392632964,0.5746047354474532,0.1585983544993147,2,210.0,210.0,79.6,11.6,5.7830773530846865e-15,1.0235732009925558,1.05
dogbone,void_insertion,2,/Users/harshelite/Desktop/AM_Security_Nikhil/data/gcode/dogbone_void_insertion_s2.gcode,/Users/harshelite/Desktop/AM_Security_Nikhil/data/gcode/dogbone_clean.gcode,"{""centre"": [-4.391, 0.0], ""layer"": 13, ""radius"": 3.0, ""segments_cut"": 180}",20,0.19999999999999996,1.660457997810002e-16,0.033260228660795726,2.4164240224162887e-07,0.9999996004625049,0.5028800476498647,2.278129578503827e-16,1.0,0.0,2,210.0,210.0,79.6,11.6,7.194245199571014e-15,1.1447916666666667,1.1458333333333333
dogbone,layer_height_change,2,/Users/harshelite/Desktop/AM_Security_Nikhil/data/gcode/dogbone_layer_height_change_s2.gcode,/Users/harshelite/Desktop/AM_Security_Nikhil/data/gcode/dogbone_clean.gcode,"{""layer_height"": 0.30000000000000004, ""note"": ""whole part re-sliced""}",13,0.30000000000000004,1.5286579078361012e-16,0.04989027294871673,1.2993686578765006e-07,0.9999999999999996,0.506351756638489,1.1555567610933196e-16,1.0,0.0,2,210.0,210.0,79.6,11.6,6.525392471266226e-15,1.0188383045525902,1.0204081632653061
dogbone,temperature_shift,2,/Users/harshelite/Desktop/AM_Security_Nikhil/data/gcode/dogbone_temperature_shift_s2.gcode,/Users/harshelite/Desktop/AM_Security_Nikhil/data/gcode/dogbone_clean.gcode,"{""layer"": 10, ""delta"": -25}",20,0.19999999999999996,1.660457997810002e-16,0.03326019050053178,1.9346377411091604e-07,0.9999996150929741,0.506351756638489,0.0,1.0,0.0,3,210.0,185.0,79.6,11.6,6.235375028098838e-15,1.0193877551020407,1.0204081632653061
dogbone,scaling,2,/Users/harshelite/Desktop/AM_Security_Nikhil/data/gcode/dogbone_scaling_s2.gcode,/Users/harshelite/Desktop/AM_Security_Nikhil/data/gcode/dogbone_clean.gcode,"{""factor"": 0.97}",20,0.19999999999999996,1.660457997810002e-16,0.03428893234490868,1.934637740812954e-07,0.9999996150929741,0.5063506601990394,1.1390647892519134e-16,1.0,1.539423758271059e-16,2,210.0,210.0,77.212,11.252,6.027638650511808e-05,1.0193877551020407,1.0204081632653061
dogbone,under_extrusion,2,/Users/harshelite/Desktop/AM_Security_Nikhil/data/gcode/dogbone_under_extrusion_s2.gcode,/Users/harshelite/Desktop/AM_Security_Nikhil/data/gcode/dogbone_clean.gcode,"{""layers"": [9, 13], ""factor"": 0.75}",20,0.19999999999999996,1.660457997810002e-16,0.03326017769845084,0.11106544022990929,0.7500000962267916,0.506351756638489,0.0,1.0,0.0,2,210.0,210.0,79.6,11.6,6.235375028098838e-15,1.0193877551020407,1.0204081632653061
dogbone,toolpath_jitter,2,/Users/harshelite/Desktop/AM_Security_Nikhil/data/gcode/dogbone_toolpath_jitter_s2.gcode,/Users/harshelite/Desktop/AM_Security_Nikhil/data/gcode/dogbone_clean.gcode,"{""layers"": [6, 10], ""sigma"": 0.15}",20,0.19999999999999996,1.660457997810002e-16,0.033260190500531805,0.00032072185080537883,0.9993460637505258,0.506351756638489,0.0001583154183678892,0.9989728309634479,0.0003205527140305242,2,210.0,210.0,79.6,11.6,0.3282291612808293,1.0193877551020407,1.0204081632653061
grid_plate,none,0,/Users/harshelite/Desktop/AM_Security_Nikhil/data/gcode/grid_plate_clean.gcode,/Users/harshelite/Desktop/AM_Security_Nikhil/data/gcode/grid_plate_clean.gcode,{},15,0.19999999999999996,1.4345709156407572e-16,0.03326015612641292,5.004902963896339e-08,0.9999999999999983,0.31918440918548935,5.745950043620392e-17,1.0,1.5173555873893158e-16,2,210.0,210.0,39.6,39.6,7.609103220924617e-15,1.0059071729957807,1.0063291139240507
grid_plate,none,1,/Users/harshelite/Desktop/AM_Security_Nikhil/data/gcode/grid_plate_benign0.gcode,/Users/harshelite/Desktop/AM_Security_Nikhil/data/gcode/grid_plate_clean.gcode,"{""infill_density"": 0.2}",15,0.19999999999999996,1.4345709156407572e-16,0.03326009891683172,6.896812325535956e-16,0.9999999999999986,0.23803363253197066,5.745950043620392e-17,1.0,1.6982189313513481e-16,2,210.0,210.0,39.6,39.6,7.41089432811469e-15,1.0087227414330218,1.0093457943925233
grid_plate,none,2,/Users/harshelite/Desktop/AM_Security_Nikhil/data/gcode/grid_plate_benign1.gcode,/Users/harshelite/Desktop/AM_Security_Nikhil/data/gcode/grid_plate_clean.gcode,"{""infill_density"": 0.4}",15,0.19999999999999996,1.4345709156407572e-16,0.03326007520008861,8.884520803506898e-08,0.9999998247948862,0.38463340062447343,5.745950043620392e-17,1.0,1.371487316760956e-16,2,210.0,210.0,39.6,39.6,6.308556999739207e-15,1.0043613707165109,1.0046728971962617
grid_plate,none,3,/Users/harshelite/Desktop/AM_Security_Nikhil/data/gcode/grid_plate_benign2.gcode,/Users/harshelite/Desktop/AM_Security_Nikhil/data/gcode/grid_plate_clean.gcode,"{""layer_height"": 0.15}",20,0.14999999999999997,1.1567257616563891e-16,0.024945115483030356,1.215144431936497e-07,0.9999999999999986,0.31918440918548935,5.695323946259567e-17,1.0,1.5039865550943948e-16,2,210.0,210.0,39.6,39.6,7.604606115002084e-15,1.0060126582278481,1.0063291139240507
grid_plate,none,4,/Users/harshelite/Desktop/AM_Security_Nikhil/data/gcode/grid_plate_benign3.gcode,/Users/harshelite/Desktop/AM_Security_Nikhil/data/gcode/grid_plate_clean.gcode,"{""layer_height"": 0.25}",12,0.25,0.0,0.041575196769795486,6.036139888369504e-08,0.999999844928758,0.31918440918548935,0.0,1.0,0.0,2,210.0,210.0,39.6,39.6,7.645080068304875e-15,1.005801687763713,1.0063291139240507
grid_plate,none,5,/Users/harshelite/Desktop/AM_Security_Nikhil/data/gcode/grid_plate_benign4.gcode,/Users/harshelite/Desktop/AM_Security_Nikhil/data/gcode/grid_plate_clean.gcode,"{""nozzle_temp"": 200}",15,0.19999999999999996,1.4345709156407572e-16,0.03326015612641292,5.004902963896339e-08,0.9999999999999983,0.31918440918548935,5.745950043620392e-17,1.0,1.5173555873893158e-16,2,200.0,200.0,39.6,39.6,7.609103220924617e-15,1.0059071729957807,1.0063291139240507
grid_plate,none,6,/Users/harshelite/Desktop/AM_Security_Nikhil/data/gcode/grid_plate_benign5.gcode,/Users/harshelite/Desktop/AM_Security_Nikhil/data/gcode/grid_plate_clean.gcode,"{""nozzle_temp"": 220}",15,0.19999999999999996,1.4345709156407572e-16,0.03326015612641292,5.004902963896339e-08,0.9999999999999983,0.31918440918548935,5.745950043620392e-17,1.0,1.5173555873893158e-16,2,220.0,220.0,39.6,39.6,7.609103220924617e-15,1.0059071729957807,1.0063291139240507
grid_plate,none,7,/Users/harshelite/Desktop/AM_Security_Nikhil/data/gcode/grid_plate_benign6.gcode,/Users/harshelite/Desktop/AM_Security_Nikhil/data/gcode/grid_plate_clean.gcode,"{""print_speed"": 30.0}",15,0.19999999999999996,1.4345709156407572e-16,0.03326015612641292,5.004902963896339e-08,0.9999999999999983,0.31918440918548935,5.745950043620392e-17,1.0,1.5173555873893158e-16,2,210.0,210.0,39.6,39.6,7.609103220924617e-15,1.0059071729957807,1.0063291139240507
grid_plate,none,8,/Users/harshelite/Desktop/AM_Security_Nikhil/data/gcode/grid_plate_benign7.gcode,/Users/harshelite/Desktop/AM_Security_Nikhil/data/gcode/grid_plate_clean.gcode,"{""print_speed"": 60.0}",15,0.19999999999999996,1.4345709156407572e-16,0.03326015612641292,5.004902963896339e-08,0.9999999999999983,0.31918440918548935,5.745950043620392e-17,1.0,1.5173555873893158e-16,2,210.0,210.0,39.6,39.6,7.609103220924617e-15,1.0059071729957807,1.0063291139240507
grid_plate,infill_reduction,0,/Users/harshelite/Desktop/AM_Security_Nikhil/data/gcode/grid_plate_infill_reduction_s0.gcode,/Users/harshelite/Desktop/AM_Security_Nikhil/data/gcode/grid_plate_clean.gcode,"{""layers"": [4, 7], ""factor"": 0.4}",15,0.19999999999999996,1.4345709156407572e-16,0.03326015612641292,0.4085528263793494,0.9999980223105532,0.31918440918548935,0.07627413450745497,0.4741051489029591,0.0990353164057785,2,210.0,210.0,39.6,39.6,7.173132031519968e-15,1.0070210631895686,1.015625
grid_plate,void_insertion,0,/Users/harshelite/Desktop/AM_Security_Nikhil/data/gcode/grid_plate_void_insertion_s0.gcode,/Users/harshelite/Desktop/AM_Security_Nikhil/data/gcode/grid_plate_clean.gcode,"{""centre"": [-16.167, 0.0], ""layer"": 10, ""radius"": 3.0, ""segments_cut"": 195}",15,0.19999999999999996,1.4345709156407572e-16,0.033260152482595194,2.04087610940739e-07,0.9999996047860399,0.3169751267376576,5.745950043620392e-17,1.0,1.5468503842371696e-16,2,210.0,210.0,39.6,39.6,7.47215909218686e-15,1.0576344086021505,1.0580645161290323
grid_plate,layer_height_change,0,/Users/harshelite/Desktop/AM_Security_Nikhil/data/gcode/grid_plate_layer_height_change_s0.gcode,/Users/harshelite/Desktop/AM_Security_Nikhil/data/gcode/grid_plate_clean.gcode,"{""layer_height"": 0.30000000000000004, ""note"": ""whole part re-sliced""}",10,0.30000000000000004,1.3470909368134217e-16,0.04989023741317803,6.67320351145167e-08,0.9999998707739699,0.31918440918548935,0.0,1.0,1.54519929675016e-16,2,210.0,210.0,39.6,39.6,7.645080068304875e-15,1.0056962025316456,1.0063291139240507
grid_plate,temperature_shift,0,/Users/harshelite/Desktop/AM_Security_Nikhil/data/gcode/grid_plate_temperature_shift_s0.gcode,/Users/harshelite/Desktop/AM_Security_Nikhil/data/gcode/grid_plate_clean.gcode,"{""layer"": 4, ""delta"": -25}",15,0.19999999999999996,1.4345709156407572e-16,0.03326015612641292,5.004902963896339e-08,0.9999999999999983,0.31918440918548935,5.745950043620392e-17,1.0,1.5173555873893158e-16,3,210.0,185.0,39.6,39.6,7.609103220924617e-15,1.0059071729957807,1.0063291139240507
grid_plate,scaling,0,/Users/harshelite/Desktop/AM_Security_Nikhil/data/gcode/grid_plate_scaling_s0.gcode,/Users/harshelite/Desktop/AM_Security_Nikhil/data/gcode/grid_plate_clean.gcode,"{""factor"": 0.97}",15,0.19999999999999996,1.4345709156407572e-16,0.03428881269136113,5.0049029624477125e-08,0.9999999999999982,0.31918456917011045,5.745950043620392e-17,1.0,0.0,2,210.0,210.0,38.412,38.412,2.2539494883731786e-14,1.0059071729957807,1.0063291139240507
grid_plate,under_extrusion,0,/Users/harshelite/Desktop/AM_Security_Nikhil/data/gcode/grid_plate_under_extrusion_s0.gcode,/Users/harshelite/Desktop/AM_Security_Nikhil/data/gcode/grid_plate_clean.gcode,"{""layers"": [3, 6], ""factor"": 0.75}",15,0.19999999999999996,1.4345709156407572e-16,0.03326015612641292,0.11443443512041673,0.7499999515402355,0.31918440918548935,5.745950043620392e-17,1.0,1.5173555873893158e-16,2,210.0,210.0,39.6,39.6,7.609103220924617e-15,1.0059071729957807,1.0063291139240507
grid_plate,toolpath_jitter,0,/Users/harshelite/Desktop/AM_Security_Nikhil/data/gcode/grid_plate_toolpath_jitter_s0.gcode,/Users/harshelite/Desktop/AM_Security_Nikhil/data/gcode/grid_plate_clean.gcode,"{""layers"": [6, 9], ""sigma"": 0.15}",15,0.19999999999999996,1.4345709156407572e-16,0.03326015612641292,0.0007162027553199265,0.9978307430443561,0.31918440918548935,0.0004876168628002926,0.9977172971223779,0.0007171139070904638,2,210.0,210.0,39.6,39.6,1.2570930907227953,1.0059071729957807,1.0063291139240507
grid_plate,infill_reduction,1,/Users/harshelite/Desktop/AM_Security_Nikhil/data/gcode/grid_plate_infill_reduction_s1.gcode,/Users/harshelite/Desktop/AM_Security_Nikhil/data/gcode/grid_plate_clean.gcode,"{""layers"": [3, 6], ""factor"": 0.4}",15,0.19999999999999996,1.4345709156407572e-16,0.03326015612641292,0.3574837475048052,0.9999980223105532,0.31918440918548935,0.07627413450745499,0.4741051489029591,0.0990353164057785,2,210.0,210.0,39.6,39.6,7.173132031519968e-15,1.0070210631895686,1.015625
grid_plate,void_insertion,1,/Users/harshelite/Desktop/AM_Security_Nikhil/data/gcode/grid_plate_void_insertion_s1.gcode,/Users/harshelite/Desktop/AM_Security_Nikhil/data/gcode/grid_plate_clean.gcode,"{""centre"": [18.75, -15.995000000000001], ""layer"": 7, ""radius"": 3.0, ""segments_cut"": 150}",15,0.19999999999999996,1.4345709156407572e-16,0.03326015563852161,3.7547265403815164e-07,0.99999980278748,0.32303432268184434,6.050253693985378e-06,1.0,8.9374068396887e-06,2,210.0,210.0,39.6,39.6,7.077922477507062e-15,1.0511827956989248,1.0516129032258064
grid_plate,layer_height_change,1,/Users/harshelite/Desktop/AM_Security_Nikhil/data/gcode/grid_plate_layer_height_change_s1.gcode,/Users/harshelite/Desktop/AM_Security_Nikhil/data/gcode/grid_plate_clean.gcode,"{""layer_height"": 0.30000000000000004, ""note"": ""whole part re-sliced""}",10,0.30000000000000004,1.3470909368134217e-16,0.04989023741317803,6.67320351145167e-08,0.9999998707739699,0.31918440918548935,0.0,1.0,1.54519929675016e-16,2,210.0,210.0,39.6,39.6,7.645080068304875e-15,1.0056962025316456,1.0063291139240507
grid_plate,temperature_shift,1,/Users/harshelite/Desktop/AM_Security_Nikhil/data/gcode/grid_plate_temperature_shift_s1.gcode,/Users/harshelite/Desktop/AM_Security_Nikhil/data/gcode/grid_plate_clean.gcode,"{""layer"": 6, ""delta"": -25}",15,0.19999999999999996,1.4345709156407572e-16,0.03326015612641292,5.004902963896339e-08,0.9999999999999983,0.31918440918548935,5.745950043620392e-17,1.0,1.5173555873893158e-16,3,210.0,185.0,39.6,39.6,7.609103220924617e-15,1.0059071729957807,1.0063291139240507
grid_plate,scaling,1,/Users/harshelite/Desktop/AM_Security_Nikhil/data/gcode/grid_plate_scaling_s1.gcode,/Users/harshelite/Desktop/AM_Security_Nikhil/data/gcode/grid_plate_clean.gcode,"{""factor"": 0.97}",15,0.19999999999999996,1.4345709156407572e-16,0.03428881269136113,5.0049029624477125e-08,0.9999999999999982,0.31918456917011045,5.745950043620392e-17,1.0,0.0,2,210.0,210.0,38.412,38.412,2.2539494883731786e-14,1.0059071729957807,1.0063291139240507
grid_plate,under_extrusion,1,/Users/harshelite/Desktop/AM_Security_Nikhil/data/gcode/grid_plate_under_extrusion_s1.gcode,/Users/harshelite/Desktop/AM_Security_Nikhil/data/gcode/grid_plate_clean.gcode,"{""layers"": [5, 8], ""factor"": 0.75}",15,0.19999999999999996,1.4345709156407572e-16,0.03326015612641292,0.1144344048724394,0.7499999515402355,0.31918440918548935,5.745950043620392e-17,1.0,1.5173555873893158e-16,2,210.0,210.0,39.6,39.6,7.609103220924617e-15,1.0059071729957807,1.0063291139240507
grid_plate,toolpath_jitter,1,/Users/harshelite/Desktop/AM_Security_Nikhil/data/gcode/grid_plate_toolpath_jitter_s1.gcode,/Users/harshelite/Desktop/AM_Security_Nikhil/data/gcode/grid_plate_clean.gcode,"{""layers"": [5, 8], ""sigma"": 0.15}",15,0.19999999999999996,1.4345709156407572e-16,0.03326015612641292,0.0006829322207942524,0.9976280957972847,0.31918440918548935,0.0004649824232262563,0.997877588933147,0.0006841603953925768,2,210.0,210.0,39.6,39.6,1.1878380664158064,1.0059071729957807,1.0063291139240507
grid_plate,infill_reduction,2,/Users/harshelite/Desktop/AM_Security_Nikhil/data/gcode/grid_plate_infill_reduction_s2.gcode,/Users/harshelite/Desktop/AM_Security_Nikhil/data/gcode/grid_plate_clean.gcode,"{""layers"": [5, 8], ""factor"": 0.4}",15,0.19999999999999996,1.4345709156407572e-16,0.03326015612641292,0.4596219052539243,0.9999980223105532,0.31918440918548935,0.07627413450745499,0.4741051489029591,0.0990353164057785,2,210.0,210.0,39.6,39.6,7.169568627629496e-15,1.0070210631895686,1.015625
grid_plate,void_insertion,2,/Users/harshelite/Desktop/AM_Security_Nikhil/data/gcode/grid_plate_void_insertion_s2.gcode,/Users/harshelite/Desktop/AM_Security_Nikhil/data/gcode/grid_plate_clean.gcode,"{""centre"": [4.003, 10.0], ""layer"": 8, ""radius"": 3.0, ""segments_cut"": 186}",15,0.19999999999999996,1.4345709156407572e-16,0.03326016026324515,1.6022743758047172e-07,0.9999997947338224,0.3168537522913576,6.633873296125102e-05,1.0,9.71188180214403e-05,2,210.0,210.0,39.6,39.6,7.648517346717002e-15,1.040339702760085,1.0445859872611465
grid_plate,layer_height_change,2,/Users/harshelite/Desktop/AM_Security_Nikhil/data/gcode/grid_plate_layer_height_change_s2.gcode,/Users/harshelite/Desktop/AM_Security_Nikhil/data/gcode/grid_plate_clean.gcode,"{""layer_height"": 0.30000000000000004, ""note"": ""whole part re-sliced""}",10,0.30000000000000004,1.3470909368134217e-16,0.04989023741317803,6.67320351145167e-08,0.9999998707739699,0.31918440918548935,0.0,1.0,1.54519929675016e-16,2,210.0,210.0,39.6,39.6,7.645080068304875e-15,1.0056962025316456,1.0063291139240507
grid_plate,temperature_shift,2,/Users/harshelite/Desktop/AM_Security_Nikhil/data/gcode/grid_plate_temperature_shift_s2.gcode,/Users/harshelite/Desktop/AM_Security_Nikhil/data/gcode/grid_plate_clean.gcode,"{""layer"": 10, ""delta"": -25}",15,0.19999999999999996,1.4345709156407572e-16,0.03326015612641292,5.004902963896339e-08,0.9999999999999983,0.31918440918548935,5.745950043620392e-17,1.0,1.5173555873893158e-16,3,210.0,185.0,39.6,39.6,7.609103220924617e-15,1.0059071729957807,1.0063291139240507
grid_plate,scaling,2,/Users/harshelite/Desktop/AM_Security_Nikhil/data/gcode/grid_plate_scaling_s2.gcode,/Users/harshelite/Desktop/AM_Security_Nikhil/data/gcode/grid_plate_clean.gcode,"{""factor"": 0.97}",15,0.19999999999999996,1.4345709156407572e-16,0.03428881269136113,5.0049029624477125e-08,0.9999999999999982,0.31918456917011045,5.745950043620392e-17,1.0,0.0,2,210.0,210.0,38.412,38.412,2.2539494883731786e-14,1.0059071729957807,1.0063291139240507
grid_plate,under_extrusion,2,/Users/harshelite/Desktop/AM_Security_Nikhil/data/gcode/grid_plate_under_extrusion_s2.gcode,/Users/harshelite/Desktop/AM_Security_Nikhil/data/gcode/grid_plate_clean.gcode,"{""layers"": [5, 8], ""factor"": 0.75}",15,0.19999999999999996,1.4345709156407572e-16,0.03326015612641292,0.1144344048724394,0.7499999515402355,0.31918440918548935,5.745950043620392e-17,1.0,1.5173555873893158e-16,2,210.0,210.0,39.6,39.6,7.609103220924617e-15,1.0059071729957807,1.0063291139240507
grid_plate,toolpath_jitter,2,/Users/harshelite/Desktop/AM_Security_Nikhil/data/gcode/grid_plate_toolpath_jitter_s2.gcode,/Users/harshelite/Desktop/AM_Security_Nikhil/data/gcode/grid_plate_clean.gcode,"{""layers"": [6, 9], ""sigma"": 0.15}",15,0.19999999999999996,1.4345709156407572e-16,0.03326015612641292,0.0011375546998822217,0.9961884222366894,0.31918440918548935,0.0007744722767375051,1.0,0.0011407570121305885,2,210.0,210.0,39.6,39.6,1.2288777086393727,1.0059071729957807,1.0063291139240507
tube,none,0,/Users/harshelite/Desktop/AM_Security_Nikhil/data/gcode/tube_clean.gcode,/Users/harshelite/Desktop/AM_Security_Nikhil/data/gcode/tube_clean.gcode,{},150,0.1999999999999993,1.0829449822180137e-15,0.03326024198913481,4.917917098769672e-07,0.9999975612527682,0.0,0.0,0.0,3.1469481195905893e-07,2,210.0,210.0,23.598,23.598,0.0,0.0,0.0
tube,none,1,/Users/harshelite/Desktop/AM_Security_Nikhil/data/gcode/tube_benign0.gcode,/Users/harshelite/Desktop/AM_Security_Nikhil/data/gcode/tube_clean.gcode,"{""infill_density"": 0.2}",150,0.1999999999999993,1.0829449822180137e-15,0.03326024198913481,4.917917098769672e-07,0.9999975612527682,0.0,0.0,0.0,3.1469481195905893e-07,2,210.0,210.0,23.598,23.598,0.0,0.0,0.0
tube,none,2,/Users/harshelite/Desktop/AM_Security_Nikhil/data/gcode/tube_benign1.gcode,/Users/harshelite/Desktop/AM_Security_Nikhil/data/gcode/tube_clean.gcode,"{""infill_density"": 0.4}",150,0.1999999999999993,1.0829449822180137e-15,0.03326024198913481,4.917917098769672e-07,0.9999975612527682,0.0,0.0,0.0,3.1469481195905893e-07,2,210.0,210.0,23.598,23.598,0.0,0.0,0.0
tube,none,3,/Users/harshelite/Desktop/AM_Security_Nikhil/data/gcode/tube_benign2.gcode,/Users/harshelite/Desktop/AM_Security_Nikhil/data/gcode/tube_clean.gcode,"{""layer_height"": 0.15}",200,0.15000000000000013,1.2529603731233296e-15,0.024945164327520974,7.532073421400856e-07,0.9999978977368078,0.0,0.0,0.0,7.996623660314349e-07,2,210.0,210.0,23.598,23.598,0.0,0.0,0.0
tube,none,4,/Users/harshelite/Desktop/AM_Security_Nikhil/data/gcode/tube_benign3.gcode,/Users/harshelite/Desktop/AM_Security_Nikhil/data/gcode/tube_clean.gcode,"{""layer_height"": 0.25}",120,0.25,0.0,0.041575286020657146,4.3279483192408605e-07,0.999999332742453,0.0,0.0,0.0,1.5617551407895852e-07,2,210.0,210.0,23.598,23.598,0.0,0.0,0.0
tube,none,5,/Users/harshelite/Desktop/AM_Security_Nikhil/data/gcode/tube_benign4.gcode,/Users/harshelite/Desktop/AM_Security_Nikhil/data/gcode/tube_clean.gcode,"{""nozzle_temp"": 200}",150,0.1999999999999993,1.0829449822180137e-15,0.03326024198913481,4.917917098769672e-07,0.9999975612527682,0.0,0.0,0.0,3.1469481195905893e-07,2,200.0,200.0,23.598,23.598,0.0,0.0,0.0
tube,none,6,/Users/harshelite/Desktop/AM_Security_Nikhil/data/gcode/tube_benign5.gcode,/Users/harshelite/Desktop/AM_Security_Nikhil/data/gcode/tube_clean.gcode,"{""nozzle_temp"": 220}",150,0.1999999999999993,1.0829449822180137e-15,0.03326024198913481,4.917917098769672e-07,0.9999975612527682,0.0,0.0,0.0,3.1469481195905893e-07,2,220.0,220.0,23.598,23.598,0.0,0.0,0.0
tube,none,7,/Users/harshelite/Desktop/AM_Security_Nikhil/data/gcode/tube_benign6.gcode,/Users/harshelite/Desktop/AM_Security_Nikhil/data/gcode/tube_clean.gcode,"{""print_speed"": 30.0}",150,0.1999999999999993,1.0829449822180137e-15,0.03326024198913481,4.917917098769672e-07,0.9999975612527682,0.0,0.0,0.0,3.1469481195905893e-07,2,210.0,210.0,23.598,23.598,0.0,0.0,0.0
tube,none,8,/Users/harshelite/Desktop/AM_Security_Nikhil/data/gcode/tube_benign7.gcode,/Users/harshelite/Desktop/AM_Security_Nikhil/data/gcode/tube_clean.gcode,"{""print_speed"": 60.0}",150,0.1999999999999993,1.0829449822180137e-15,0.03326024198913481,4.917917098769672e-07,0.9999975612527682,0.0,0.0,0.0,3.1469481195905893e-07,2,210.0,210.0,23.598,23.598,0.0,0.0,0.0
tube,layer_height_change,0,/Users/harshelite/Desktop/AM_Security_Nikhil/data/gcode/tube_layer_height_change_s0.gcode,/Users/harshelite/Desktop/AM_Security_Nikhil/data/gcode/tube_clean.gcode,"{""layer_height"": 0.30000000000000004, ""note"": ""whole part re-sliced""}",100,0.3000000000000007,1.071561161862091e-15,0.04989036293804686,3.356166281706438e-07,0.9999991302503851,0.0,0.0,0.0,1.716393121284884e-07,2,210.0,210.0,23.598,23.598,0.0,0.0,0.0
tube,temperature_shift,0,/Users/harshelite/Desktop/AM_Security_Nikhil/data/gcode/tube_temperature_shift_s0.gcode,/Users/harshelite/Desktop/AM_Security_Nikhil/data/gcode/tube_clean.gcode,"{""layer"": 100, ""delta"": -25}",150,0.1999999999999993,1.0829449822180137e-15,0.03326024198913481,4.917917098769672e-07,0.9999975612527682,0.0,0.0,0.0,3.1469481195905893e-07,3,210.0,185.0,23.598,23.598,0.0,0.0,0.0
tube,scaling,0,/Users/harshelite/Desktop/AM_Security_Nikhil/data/gcode/tube_scaling_s0.gcode,/Users/harshelite/Desktop/AM_Security_Nikhil/data/gcode/tube_clean.gcode,"{""factor"": 0.97}",150,0.1999999999999993,1.0829449822180137e-15,0.03428864223873902,5.64745761693808e-07,0.9999968675966109,0.0,0.0,0.0,4.275791286809529e-07,2,210.0,210.0,22.89,22.89,0.0,0.0,0.0
tube,under_extrusion,0,/Users/harshelite/Desktop/AM_Security_Nikhil/data/gcode/tube_under_extrusion_s0.gcode,/Users/harshelite/Desktop/AM_Security_Nikhil/data/gcode/tube_clean.gcode,"{""layers"": [41, 71], ""factor"": 0.75}",150,0.1999999999999993,1.0829449822180137e-15,0.03326023954567264,0.10156763263072609,0.7499984444613633,0.0,0.0,0.0,3.1469481195905893e-07,2,210.0,210.0,23.598,23.598,0.0,0.0,0.0
tube,layer_height_change,1,/Users/harshelite/Desktop/AM_Security_Nikhil/data/gcode/tube_layer_height_change_s1.gcode,/Users/harshelite/Desktop/AM_Security_Nikhil/data/gcode/tube_clean.gcode,"{""layer_height"": 0.30000000000000004, ""note"": ""whole part re-sliced""}",100,0.3000000000000007,1.071561161862091e-15,0.04989036293804686,3.356166281706438e-07,0.9999991302503851,0.0,0.0,0.0,1.716393121284884e-07,2,210.0,210.0,23.598,23.598,0.0,0.0,0.0
tube,temperature_shift,1,/Users/harshelite/Desktop/AM_Security_Nikhil/data/gcode/tube_temperature_shift_s1.gcode,/Users/harshelite/Desktop/AM_Security_Nikhil/data/gcode/tube_clean.gcode,"{""layer"": 38, ""delta"": -25}",150,0.1999999999999993,1.0829449822180137e-15,0.03326024198913481,4.917917098769672e-07,0.9999975612527682,0.0,0.0,0.0,3.1469481195905893e-07,3,210.0,185.0,23.598,23.598,0.0,0.0,0.0
tube,scaling,1,/Users/harshelite/Desktop/AM_Security_Nikhil/data/gcode/tube_scaling_s1.gcode,/Users/harshelite/Desktop/AM_Security_Nikhil/data/gcode/tube_clean.gcode,"{""factor"": 0.97}",150,0.1999999999999993,1.0829449822180137e-15,0.03428864223873902,5.64745761693808e-07,0.9999968675966109,0.0,0.0,0.0,4.275791286809529e-07,2,210.0,210.0,22.89,22.89,0.0,0.0,0.0
tube,under_extrusion,1,/Users/harshelite/Desktop/AM_Security_Nikhil/data/gcode/tube_under_extrusion_s1.gcode,/Users/harshelite/Desktop/AM_Security_Nikhil/data/gcode/tube_clean.gcode,"{""layers"": [51, 81], ""factor"": 0.75}",150,0.1999999999999993,1.0829449822180137e-15,0.03326023954567264,0.10156763183238991,0.7499984540853654,0.0,0.0,0.0,3.1469481195905893e-07,2,210.0,210.0,23.598,23.598,0.0,0.0,0.0
tube,layer_height_change,2,/Users/harshelite/Desktop/AM_Security_Nikhil/data/gcode/tube_layer_height_change_s2.gcode,/Users/harshelite/Desktop/AM_Security_Nikhil/data/gcode/tube_clean.gcode,"{""layer_height"": 0.30000000000000004, ""note"": ""whole part re-sliced""}",100,0.3000000000000007,1.071561161862091e-15,0.04989036293804686,3.356166281706438e-07,0.9999991302503851,0.0,0.0,0.0,1.716393121284884e-07,2,210.0,210.0,23.598,23.598,0.0,0.0,0.0
tube,temperature_shift,2,/Users/harshelite/Desktop/AM_Security_Nikhil/data/gcode/tube_temperature_shift_s2.gcode,/Users/harshelite/Desktop/AM_Security_Nikhil/data/gcode/tube_clean.gcode,"{""layer"": 56, ""delta"": -25}",150,0.1999999999999993,1.0829449822180137e-15,0.03326024198913481,4.917917098769672e-07,0.9999975612527682,0.0,0.0,0.0,3.1469481195905893e-07,3,210.0,185.0,23.598,23.598,0.0,0.0,0.0
tube,scaling,2,/Users/harshelite/Desktop/AM_Security_Nikhil/data/gcode/tube_scaling_s2.gcode,/Users/harshelite/Desktop/AM_Security_Nikhil/data/gcode/tube_clean.gcode,"{""factor"": 0.97}",150,0.1999999999999993,1.0829449822180137e-15,0.03428864223873902,5.64745761693808e-07,0.9999968675966109,0.0,0.0,0.0,4.275791286809529e-07,2,210.0,210.0,22.89,22.89,0.0,0.0,0.0
tube,under_extrusion,2,/Users/harshelite/Desktop/AM_Security_Nikhil/data/gcode/tube_under_extrusion_s2.gcode,/Users/harshelite/Desktop/AM_Security_Nikhil/data/gcode/tube_clean.gcode,"{""layers"": [68, 98], ""factor"": 0.75}",150,0.1999999999999993,1.0829449822180137e-15,0.03326023954567264,0.10156763174574705,0.74999843847426,0.0,0.0,0.0,3.1469481195905893e-07,2,210.0,210.0,23.598,23.598,0.0,0.0,0.0
